,train_acc,test_acc
0,0.803755299818292,0.7727272727272727
