,train_acc,test_acc
0,0.7608424984436606,0.7875000000000001
