,train_acc,test_acc
0,0.7942260442260443,0.6556991774383079
