,train_acc,test_acc
0,0.7552083333333333,0.7280701754385965
