,train_acc,test_acc
0,0.7772177419354839,0.6160714285714286
