,Dataset,Kernel,Times
0,cervical_new,rbf,0.010203838348388672
1,cervical_new,poly,0.0060291290283203125
2,cervical_new,sigmoid,0.005269050598144531
