Dataset,Kernel,"['Season', 'Age', 'diseases']","['Accident', 'Surgical', 'fevers']","['alcohol', 'smoking', 'sitting']"
fertility_new,IQP,"0.88000, 0.51667, 0.00000, 0.00000","0.88000, 0.50000, 0.00000, 0.00000","0.88000, 0.33922, 0.00000, 0.00000"
fertility_new,Angle,"0.88000, 0.63971, 0.00000, 0.00000","0.88000, 0.50000, 0.00000, 0.00000","0.88000, 0.56307, 0.00000, 0.00000"
