Dataset,Kernel,"['Geschlecht', 'Alter', 'M30']","['M65', 'Adiponektin', 'TNFa']","['AST', 'ALT', 'ALT_AST_ratio']"
nafld_new,IQP,"0.68952, 0.54364, 0.00000, -0.03223","0.81333, 0.79582, 0.54667, 0.46139","0.85143, 0.91182, 0.68968, 0.65253"
nafld_new,Angle,"0.68952, 0.55773, 0.00000, -0.03223","0.77333, 0.78673, 0.48667, 0.38700","0.85238, 0.94191, 0.68333, 0.63805"
