,best_hypers,train_acc,test_acc
0,"{'C': 6, 'gamma': 0.001}",0.9705882352941176,0.3888888888888889
