,best_hypers,train_acc,test_acc
0,"{'C': 2, 'gamma': 0.001}",0.9569199826049142,0.8872294372294371
