,best_hypers,train_acc,test_acc
0,"{'C': 100, 'degree': 1}",0.9333333333333333,0.6968553459119498
