,best_hypers,train_acc,test_acc
0,"{'C': 2, 'gamma': 0.1}",0.9722222222222222,0.9736842105263157
