,best_hypers,train_acc,test_acc
0,"{'C': 4, 'gamma': 1.2}",0.5353844264308524,0.5139355742296919
