,best_hypers,train_acc,test_acc
0,"{'C': 10, 'degree': 1}",0.6619175326852162,0.5735294117647058
