,best_hypers,train_acc,test_acc
0,"{'C': 10, 'degree': 1}",0.5063989191844755,0.4980392156862745
