,best_hypers,train_acc,test_acc
0,"{'C': 100, 'degree': 1}",0.9409722222222222,0.9736842105263157
