,best_hypers,train_acc,test_acc
0,"{'C': 100, 'degree': 1}",0.922129810828441,0.8636363636363636
