,best_hypers,train_acc,test_acc
0,"{'C': 100, 'degree': 1}",0.8796747404844291,0.8509371684545561
