Dataset,Kernel,"['V2', 'V4', 'V5', 'V6', 'V7', 'V8', 'V9', 'V10', 'V11']","['V12', 'V13', 'V2', 'V4', 'V5', 'V6', 'V7', 'V8', 'V9']"
heroin_new,rbf,"0.897033660, 0.000000000, 0.709892557, 0.000000000","0.897033660, 0.000000000, 0.697654936, 0.000000000"
heroin_new,poly,"0.901283350, 0.111925466, 0.732721893, 0.186901946","0.900219520, 0.128375682, 0.731647462, 0.199346281"
heroin_new,sigmoid,"0.876871552, 0.089393939, 0.659504827, 0.058494830","0.867285827, 0.168641408, 0.644400498, 0.111404378"
