Dataset,Kernel,"['Age', 'Sex', 'ALB', 'ALP', 'ALT', 'AST', 'BIL', 'CHE', 'CHOL']","['CREA', 'GGT', 'PROT', 'Age', 'Sex', 'ALB', 'ALP', 'ALT', 'AST']"
hcv_new,rbf,"0.963352794, 0.080000000, 0.980476190, 0.094858011","0.965187656, 0.160000000, 0.994285714, 0.193459340"
hcv_new,poly,"0.978015013, 0.594285714, 0.982380952, 0.631629026","0.987172644, 0.790476190, 0.996190476, 0.797608440"
hcv_new,sigmoid,"0.965187656, 0.080000000, 0.844123989, 0.098614252","0.970708924, 0.266666667, 0.946675651, 0.280186854"
