Dataset,Kernel,"['LB', 'AC', 'FM', 'UC', 'DL', 'DS', 'DP', 'ASTV', 'MSTV']","['ALTV', 'MLTV', 'Width', 'Min', 'Max', 'Nmax', 'Nzeros', 'Mode', 'Mean']","['Median', 'Variance', 'Tendency', 'CLASS', 'LB', 'AC', 'FM', 'UC', 'DL']"
ctg_new,rbf,"0.980886229, 0.894223084, 0.990929842, 0.886001772","0.969963223, 0.822998356, 0.958367141, 0.814840199","0.997814208, 0.988403361, 0.999896418, 0.987299081"
ctg_new,poly,"0.983069043, 0.909334532, 0.991489474, 0.900648012","0.970505204, 0.830345867, 0.954267971, 0.819896946","0.999453552, 0.997183099, 0.999896418, 0.996904545"
ctg_new,sigmoid,"0.931184765, 0.609441723, 0.649855177, 0.575499498","0.866200622, 0.073177510, 0.694089100, 0.009648847","0.924082429, 0.528819824, 0.899815374, 0.502723482"
