,Dataset,Embedding,Times
0,cervical_new,Angle,71.35087370872498
1,cervical_new,IQP,195.2299017906189
2,ctg_new,Angle,818.4287927150726
3,ctg_new,IQP,3654.422874689102
