,Dataset,Embedding,Times
0,cervical_new,Angle,72.32310009002686
1,cervical_new,IQP,194.11890482902527
2,ctg_new,Angle,819.2943348884583
3,ctg_new,IQP,3685.823387145996
4,fertility_new,Angle,36.20845174789429
5,fertility_new,IQP,260.30751872062683
