,Dataset,Embedding,Times
0,cervical_new,Angle,37.601346254348755
1,cervical_new,IQP,94.45940709114075
2,ctg_new,Angle,361.0026867389679
3,ctg_new,IQP,2187.7336695194244
